Fused,Unfused,% Speedup
70.07244186401367,70.68688583374023,0.869247474236981
71.69451065063477,72.5267707824707,1.1475212847020755
72.10738220214844,72.88614654541016,1.0684668900372178
73.43197097778321,74.35765151977539,1.2449028755917535
75.47249908447266,76.09270477294922,0.8150658993226397
