BATCH_SIZE,Fused,Unfused,% Speedup
1.0,0.350865,0.233651,50.16627363032898
2.0,0.257732,0.198858,29.606050548632695
4.0,0.285241,0.215329,32.46752643629053
8.0,0.29028,0.221914,30.807429905278617
16.0,0.294248,0.225099,30.719372365048276
32.0,0.291654,0.225243,29.484157110320865
64.0,0.290605,0.225708,28.752636149361127
128.0,0.295033,0.223448,32.03653646485982
256.0,0.292828,0.226638,29.205164182528954
