BATCH_SIZE,Fused,Unfused,% Speedup
1.0,0.164983,0.215191,23.33183079217997
2.0,0.410129,0.486716,15.735459693126991
4.0,0.736347,0.902194,18.382631673453833
8.0,1.345248,1.670497,19.470193601066025
16.0,2.61792,3.283559,20.271875729962524
32.0,5.136059,6.458093,20.470965655031595
64.0,10.282229,12.949815,20.5994139684621
128.0,22.065113,27.419317,19.527123888607434
256.0,44.544079,54.792065,18.703412620057296
