BATCH_SIZE,Fused,Unfused,% Speedup
1.0,0.23716,0.195573,21.26418268370379
2.0,0.194834,0.203597,-4.304090924718927
4.0,0.214902,0.215588,-0.3181995287307235
8.0,0.221879,0.222745,-0.3887853823879349
16.0,0.225485,0.226327,-0.3720280832600659
32.0,0.226293,0.228093,-0.7891517933474488
64.0,0.218801,0.227666,-3.893862061089496
128.0,0.226629,0.227003,-0.16475553186522346
256.0,0.215814,0.223099,-3.2653664964881
