BATCH_SIZE,Fused,Unfused,% Speedup
1.0,0.159303,0.105919,-50.40077795296406
2.0,0.117861,0.090644,-30.026256564141026
4.0,0.129681,0.098262,-31.97472064480673
8.0,0.132262,0.091242,-44.95736612524932
16.0,0.133494,0.102163,-30.667658545657428
32.0,0.133593,0.10281,-29.941639918295877
64.0,0.132616,0.102354,-29.566015983742705
128.0,0.135039,0.101817,-32.62912873095847
256.0,0.1337,0.103983,-28.578709981439275
